"nsc_id","GeneSymbol","drug_name","drugbank.ID","entrez"
681239,"CTSG","bortezomib","DB00188","1511"
681239,"GMNN","bortezomib","DB00188","51053"
681239,"PSMD1","bortezomib","DB00188","5707"
681239,"CMA1","bortezomib","DB00188","1215"
681239,"CTSA","bortezomib","DB00188","5476"
681239,"PSMB5","bortezomib","DB00188","5693"
681239,"PSMB2","bortezomib","DB00188","5690"
681239,"PSMB8","bortezomib","DB00188","5696"
681239,"PSMB7","bortezomib","DB00188","5695"
681239,"PSMD2","bortezomib","DB00188","5708"
681239,"CTRB1","bortezomib","DB00188","1504"
681239,"PSMB1","bortezomib","DB00188","5689"
681239,"CFTR","bortezomib","DB00188","1080"
681239,"NFE2L2","bortezomib","DB00188","4780"
681239,"ELANE","bortezomib","DB00188","1991"
681239,"AR","bortezomib","DB00188","367"
25154,"ALDH1A1","pipobroman","DB00236","216"
105014,"POLE2","cladribine","DB00242","5427"
105014,"RRM1","cladribine","DB00242","6240"
105014,"TP53","cladribine","DB00242","7157"
105014,"RRM2","cladribine","DB00242","6241"
105014,"POLE3","cladribine","DB00242","54107"
105014,"POLA1","cladribine","DB00242","5422"
105014,"PNP","cladribine","DB00242","4860"
105014,"RRM2B","cladribine","DB00242","50484"
105014,"POLE4","cladribine","DB00242","56655"
105014,"NR5A1","cladribine","DB00242","2516"
105014,"GLP1R","cladribine","DB00242","2740"
105014,"NFE2L2","cladribine","DB00242","4780"
105014,"POLE","cladribine","DB00242","5426"
409962,"GSR","carmustine","DB00262","2936"
409962,"ALDH1A1","carmustine","DB00262","216"
125066,"LIG1","bleomycin sulfate","DB00290","3978"
125066,"LIG3","bleomycin sulfate","DB00290","3980"
3088,"GFER","chlorambucil","DB00291","2671"
3088,"NFKB1","chlorambucil","DB00291","4790"
715055,"FGR","gefitinib","DB00317","2268"
715055,"ABCG2","gefitinib","DB00317","9429"
715055,"FRK","gefitinib","DB00317","2444"
715055,"NLK","gefitinib","DB00317","51701"
715055,"TXK","gefitinib","DB00317","7294"
715055,"IRAK4","gefitinib","DB00317","51135"
715055,"RET","gefitinib","DB00317","5979"
715055,"STK17A","gefitinib","DB00317","9263"
715055,"ERBB2","gefitinib","DB00317","2064"
715055,"MAPK9","gefitinib","DB00317","5601"
715055,"EPHA6","gefitinib","DB00317","285220"
715055,"HCK","gefitinib","DB00317","3055"
715055,"GAK","gefitinib","DB00317","2580"
715055,"RIPK2","gefitinib","DB00317","8767"
715055,"KIT","gefitinib","DB00317","3815"
715055,"ABL2","gefitinib","DB00317","27"
715055,"FLT3","gefitinib","DB00317","2322"
715055,"STK36","gefitinib","DB00317","27148"
715055,"EPHB4","gefitinib","DB00317","2050"
715055,"CIT","gefitinib","DB00317","11113"
715055,"ERBB3","gefitinib","DB00317","2065"
715055,"YES1","gefitinib","DB00317","7525"
715055,"LCK","gefitinib","DB00317","3932"
715055,"EPHB1","gefitinib","DB00317","2047"
715055,"PRKD1","gefitinib","DB00317","5587"
715055,"LYN","gefitinib","DB00317","4067"
715055,"MET","gefitinib","DB00317","4233"
715055,"MAPK6","gefitinib","DB00317","5597"
715055,"KDR","gefitinib","DB00317","3791"
715055,"MKNK2","gefitinib","DB00317","2872"
715055,"FLT4","gefitinib","DB00317","2324"
715055,"SLK","gefitinib","DB00317","9748"
715055,"STK10","gefitinib","DB00317","6793"
715055,"EPHA1","gefitinib","DB00317","2041"
715055,"MINK1","gefitinib","DB00317","50488"
715055,"EPHA3","gefitinib","DB00317","2042"
715055,"TNIK","gefitinib","DB00317","23043"
715055,"CSNK1D","gefitinib","DB00317","1453"
715055,"CSNK1E","gefitinib","DB00317","1454"
715055,"CDK7","gefitinib","DB00317","1022"
715055,"EPHB6","gefitinib","DB00317","2051"
715055,"PHKG1","gefitinib","DB00317","5260"
715055,"MYLK2","gefitinib","DB00317","85366"
715055,"SBK1","gefitinib","DB00317","388228"
715055,"STK17B","gefitinib","DB00317","9262"
715055,"PIM1","gefitinib","DB00317","5292"
715055,"PRKD3","gefitinib","DB00317","23683"
715055,"MAP4K4","gefitinib","DB00317","9448"
715055,"DMPK","gefitinib","DB00317","1760"
715055,"ABL1","gefitinib","DB00317","25"
715055,"EGFR","gefitinib","DB00317","1956"
715055,"CAMK2D","gefitinib","DB00317","817"
715055,"ERBB4","gefitinib","DB00317","2066"
715055,"MAPK14","gefitinib","DB00317","1432"
715055,"DAPK3","gefitinib","DB00317","1613"
715055,"NUAK2","gefitinib","DB00317","81788"
715055,"SIK2","gefitinib","DB00317","23235"
715055,"LIMK1","gefitinib","DB00317","3984"
715055,"MAPK10","gefitinib","DB00317","5602"
715055,"SRC","gefitinib","DB00317","6714"
715055,"PHKG2","gefitinib","DB00317","5261"
715055,"PIM3","gefitinib","DB00317","415116"
715055,"MAP2K5","gefitinib","DB00317","5607"
715055,"CAMK2G","gefitinib","DB00317","818"
715055,"EPHA8","gefitinib","DB00317","2046"
715055,"MAP3K2","gefitinib","DB00317","10746"
715055,"MAP4K5","gefitinib","DB00317","11183"
715055,"BLK","gefitinib","DB00317","640"
715055,"IRAK1","gefitinib","DB00317","3654"
715055,"RPS6KA4","gefitinib","DB00317","8986"
715055,"LTK","gefitinib","DB00317","4058"
715055,"HIPK4","gefitinib","DB00317","147746"
715055,"EPHA5","gefitinib","DB00317","2044"
715055,"MAP3K19","gefitinib","DB00317","80122"
715055,"IRAK3","gefitinib","DB00317","11213"
715055,"AXL","gefitinib","DB00317","558"
715055,"PIP4K2C","gefitinib","DB00317","79837"
715055,"CHEK2","gefitinib","DB00317","11200"
715055,"BRSK1","gefitinib","DB00317","84446"
715055,"MKNK1","gefitinib","DB00317","8569"
715055,"MAPK4","gefitinib","DB00317","5596"
715055,"DCLK3","gefitinib","DB00317","85443"
715055,"MAP3K3","gefitinib","DB00317","4215"
715055,"PRKD2","gefitinib","DB00317","25865"
27640,"TYMS","floxuridine","DB00322","7298"
71423,"PGR","megestrol acetate","DB00351","5241"
71423,"NR3C1","megestrol acetate","DB00351","2908"
169780,"TOP2B","dexrazoxane","DB00380","7155"
169780,"EHMT2","dexrazoxane","DB00380","10919"
169780,"TOP2A","dexrazoxane","DB00380","7153"
246131,"WRN","valrubicin","DB00385","7486"
246131,"NFE2L2","valrubicin","DB00385","4780"
246131,"TOP2A","valrubicin","DB00385","7153"
246131,"EHMT2","valrubicin","DB00385","10919"
246131,"AR","valrubicin","DB00385","367"
721517,"GGPS1","zoledronic acid","DB00399","9453"
721517,"CA14","zoledronic acid","DB00399","23632"
721517,"FDPS","zoledronic acid","DB00399","2224"
721517,"CA12","zoledronic acid","DB00399","771"
721517,"CA9","zoledronic acid","DB00399","768"
721517,"MMP2","zoledronic acid","DB00399","4313"
721517,"CA2","zoledronic acid","DB00399","760"
85998,"SLC2A2","streptozocin","DB00428","6514"
1390,"XDH","allopurinol","DB00437","7498"
613327,"TYMS","gemcitabine hydrochloride","DB00441","7298"
613327,"AR","gemcitabine hydrochloride","DB00441","367"
613327,"RRM1","gemcitabine hydrochloride","DB00441","6240"
613327,"CMPK1","gemcitabine hydrochloride","DB00441","51727"
122819,"NCOA3","teniposide","DB00444","8202"
122819,"TOP2A","teniposide","DB00444","7153"
256942,"SMAD3","4'-epiadriamycin","DB00445","4088"
256942,"ATXN2","4'-epiadriamycin","DB00445","6311"
256942,"POLH","4'-epiadriamycin","DB00445","5429"
256942,"PAX8","4'-epiadriamycin","DB00445","7849"
256942,"NR5A1","4'-epiadriamycin","DB00445","2516"
256942,"STAT6","4'-epiadriamycin","DB00445","6778"
256942,"BRCA1","4'-epiadriamycin","DB00445","672"
256942,"GLP1R","4'-epiadriamycin","DB00445","2740"
256942,"POLB","4'-epiadriamycin","DB00445","5423"
256942,"AR","4'-epiadriamycin","DB00445","367"
256942,"MMP2","4'-epiadriamycin","DB00445","4313"
256942,"YWHAG","4'-epiadriamycin","DB00445","7532"
256942,"PPARD","4'-epiadriamycin","DB00445","5467"
256942,"FYN","4'-epiadriamycin","DB00445","2534"
256942,"APEX1","4'-epiadriamycin","DB00445","328"
256942,"WRN","4'-epiadriamycin","DB00445","7486"
256942,"RECQL","4'-epiadriamycin","DB00445","5965"
256942,"CHRM1","4'-epiadriamycin","DB00445","1128"
256942,"POLK","4'-epiadriamycin","DB00445","51426"
256942,"S100A4","4'-epiadriamycin","DB00445","6275"
256942,"NFE2L2","4'-epiadriamycin","DB00445","4780"
256942,"TP53","4'-epiadriamycin","DB00445","7157"
256942,"MAPT","4'-epiadriamycin","DB00445","4137"
256942,"HSP90AA1","4'-epiadriamycin","DB00445","3320"
256942,"ERBB2","4'-epiadriamycin","DB00445","2064"
256942,"HTT","4'-epiadriamycin","DB00445","3064"
256942,"NR1H4","4'-epiadriamycin","DB00445","9971"
256942,"SNCA","4'-epiadriamycin","DB00445","6622"
256942,"ESR1","4'-epiadriamycin","DB00445","2099"
256942,"ABCB1","4'-epiadriamycin","DB00445","5243"
256942,"CHD1","4'-epiadriamycin","DB00445","1105"
256942,"DHCR7","4'-epiadriamycin","DB00445","1717"
256942,"IDH1","4'-epiadriamycin","DB00445","3417"
256942,"TOP2A","4'-epiadriamycin","DB00445","7153"
256942,"FEN1","4'-epiadriamycin","DB00445","2237"
256942,"AURKA","4'-epiadriamycin","DB00445","6790"
256942,"RXRA","4'-epiadriamycin","DB00445","6256"
256942,"THRB","4'-epiadriamycin","DB00445","7068"
747972,"CDH5","lenalidomide","DB00480","1003"
747972,"PTGS2","lenalidomide","DB00480","5743"
747972,"TNFSF11","lenalidomide","DB00480","8600"
747972,"CRBN","lenalidomide","DB00480","51185"
719627,"CA14","celecoxib","DB00482","23632"
719627,"CYP2C9","celecoxib","DB00482","1559"
719627,"PTGS1","celecoxib","DB00482","5742"
719627,"SLC6A2","celecoxib","DB00482","6530"
719627,"MAPK14","celecoxib","DB00482","1432"
719627,"SLC6A4","celecoxib","DB00482","6532"
719627,"CA13","celecoxib","DB00482","377677"
719627,"CA9","celecoxib","DB00482","768"
719627,"CA5A","celecoxib","DB00482","763"
719627,"CA6","celecoxib","DB00482","765"
719627,"SLC6A3","celecoxib","DB00482","6531"
719627,"PTGS2","celecoxib","DB00482","5743"
719627,"CA4","celecoxib","DB00482","762"
719627,"CA5B","celecoxib","DB00482","11238"
719627,"CA12","celecoxib","DB00482","771"
719627,"CA7","celecoxib","DB00482","766"
719627,"PDPK1","celecoxib","DB00482","5170"
719627,"CA2","celecoxib","DB00482","760"
719627,"CA3","celecoxib","DB00482","761"
719627,"ADRA2B","celecoxib","DB00482","151"
26271,"CBX1","cyclophosphamide","DB00531","10951"
26271,"EHMT2","cyclophosphamide","DB00531","10919"
26271,"NR1I2","cyclophosphamide","DB00531","8856"
19893,"TYMS","fluorouracil","DB00544","7298"
19893,"TP53","fluorouracil","DB00544","7157"
218321,"ADA","pentostatin","DB00552","100"
45923,"CYP2A6","methoxsalen","DB00553","1548"
45923,"ACHE","methoxsalen","DB00553","43"
740,"TP53","methotrexate","DB00563","7157"
740,"DHFR","methotrexate","DB00563","1719"
740,"FOLR1","methotrexate","DB00563","2348"
740,"EHMT2","methotrexate","DB00563","10919"
740,"IDH1","methotrexate","DB00563","3417"
740,"NFE2L2","methotrexate","DB00563","4780"
740,"NCOA3","methotrexate","DB00563","8202"
740,"FOLR2","methotrexate","DB00563","2350"
740,"SLC46A1","methotrexate","DB00563","113235"
740,"TYMS","methotrexate","DB00563","7298"
740,"FPGS","methotrexate","DB00563","2356"
740,"SLC19A1","methotrexate","DB00563","6573"
740,"PPARG","methotrexate","DB00563","5468"
606869,"RRM1","clofarabine","DB00631","6240"
606869,"POLA1","clofarabine","DB00631","5422"
606869,"RRM2","clofarabine","DB00631","6241"
698037,"SLC19A1","pemetrexed disodium","DB00642","6573"
698037,"FOLR1","pemetrexed disodium","DB00642","2348"
698037,"FOLR2","pemetrexed disodium","DB00642","2350"
698037,"SLC46A1","pemetrexed disodium","DB00642","113235"
698037,"GART","pemetrexed disodium","DB00642","2618"
698037,"ATIC","pemetrexed disodium","DB00642","471"
698037,"DHFR","pemetrexed disodium","DB00642","1719"
698037,"TYMS","pemetrexed disodium","DB00642","7298"
38721,"HTR2B","mitotane","DB00648","3357"
38721,"ADRA2A","mitotane","DB00648","150"
38721,"KCNH2","mitotane","DB00648","3757"
38721,"SLC6A4","mitotane","DB00648","6532"
38721,"HTR6","mitotane","DB00648","3362"
38721,"FDX1","mitotane","DB00648","2230"
38721,"SLC6A2","mitotane","DB00648","6530"
38721,"SLC6A3","mitotane","DB00648","6531"
38721,"ESR1","mitotane","DB00648","2099"
38721,"ADORA3","mitotane","DB00648","140"
38721,"PGR","mitotane","DB00648","5241"
38721,"AR","mitotane","DB00648","367"
369100,"TLR7","imiquimod","DB00724","51284"
369100,"HRH2","imiquimod","DB00724","3274"
369100,"TLR8","imiquimod","DB00724","51311"
369100,"GMNN","imiquimod","DB00724","51053"
369100,"ADRA1D","imiquimod","DB00724","146"
369100,"ADORA2A","imiquimod","DB00724","135"
141540,"CASP3","etoposide","DB00773","836"
141540,"AR","etoposide","DB00773","367"
141540,"GMNN","etoposide","DB00773","51053"
141540,"NCOA3","etoposide","DB00773","8202"
141540,"TOP2B","etoposide","DB00773","7155"
141540,"NCOA1","etoposide","DB00773","8648"
141540,"SLCO1B3","etoposide","DB00773","28234"
141540,"GLP1R","etoposide","DB00773","2740"
141540,"TOP2A","etoposide","DB00773","7153"
45388,"MMP9","dacarbazine","DB00851","4318"
45388,"PAX8","dacarbazine","DB00851","7849"
45388,"PGD","dacarbazine","DB00851","5226"
45388,"POLA2","dacarbazine","DB00851","23649"
226080,"FKBP1A","sirolimus","DB00877","2280"
226080,"FGF2","sirolimus","DB00877","2247"
226080,"MTOR","sirolimus","DB00877","2475"
102816,"GMNN","azacitidine","DB00928","51053"
102816,"TP53","azacitidine","DB00928","7157"
102816,"ADORA3","azacitidine","DB00928","140"
102816,"ATAD5","azacitidine","DB00928","79915"
102816,"RORC","azacitidine","DB00928","6097"
102816,"NR3C1","azacitidine","DB00928","2908"
102816,"ATXN2","azacitidine","DB00928","6311"
102816,"THPO","azacitidine","DB00928","7066"
102816,"HIF1A","azacitidine","DB00928","3091"
102816,"ADORA1","azacitidine","DB00928","134"
102816,"DNMT1","azacitidine","DB00928","1786"
102816,"AR","azacitidine","DB00928","367"
102816,"HBB","azacitidine","DB00928","3043"
102816,"IDH1","azacitidine","DB00928","3417"
102816,"NFE2L2","azacitidine","DB00928","4780"
3053,"TOP2A","dactinomycin","DB00970","7153"
3053,"TOP2B","dactinomycin","DB00970","7155"
713563,"NFE2L2","exemestane","DB00990","4780"
713563,"AR","exemestane","DB00990","367"
32065,"RRM1","hydroxyurea","DB01005","6240"
719345,"CYP11B2","letrozole","DB01006","1585"
719345,"CYP19A1","letrozole","DB01006","1588"
719345,"CYP11B1","letrozole","DB01006","1584"
750,"MMP9","busulfan","DB01008","4318"
755,"IMPDH2","mercaptopurine","DB01033","3615"
755,"KDM4A","mercaptopurine","DB01033","9682"
755,"IMPDH1","mercaptopurine","DB01033","3614"
755,"HBB","mercaptopurine","DB01033","3043"
755,"NFE2L2","mercaptopurine","DB01033","4780"
755,"HPRT1","mercaptopurine","DB01033","3251"
755,"ALDH1A1","mercaptopurine","DB01033","216"
755,"TP53","mercaptopurine","DB01033","7157"
755,"PPAT","mercaptopurine","DB01033","5471"
755,"IDH1","mercaptopurine","DB01033","3417"
66847,"ORM1","thalidomide","DB01041","5004"
66847,"NFKB1","thalidomide","DB01041","4790"
66847,"ORM2","thalidomide","DB01041","5005"
66847,"FGFR2","thalidomide","DB01041","2263"
66847,"PTGS2","thalidomide","DB01041","5743"
66847,"TNF","thalidomide","DB01041","7124"
66847,"CRBN","thalidomide","DB01041","51185"
8806,"HIF1A","melphalan","DB01042","3091"
8806,"EHMT2","melphalan","DB01042","10919"
8806,"CBX1","melphalan","DB01042","10951"
118218,"SMAD3","2-fluoro ara-a","DB01073","4088"
118218,"IDH1","2-fluoro ara-a","DB01073","3417"
118218,"GMNN","2-fluoro ara-a","DB01073","51053"
118218,"GLP1R","2-fluoro ara-a","DB01073","2740"
118218,"DCK","2-fluoro ara-a","DB01073","1633"
118218,"ADORA3","2-fluoro ara-a","DB01073","140"
118218,"NFE2L2","2-fluoro ara-a","DB01073","4780"
118218,"RRM1","2-fluoro ara-a","DB01073","6240"
118218,"POLA1","2-fluoro ara-a","DB01073","5422"
118218,"ATXN2","2-fluoro ara-a","DB01073","6311"
118218,"RRM2","2-fluoro ara-a","DB01073","6241"
712807,"TYMS","capecitabine","DB01101","7298"
14229,"CHRM3","quinacrine hydrochloride","DB01103","1131"
14229,"ADRA2B","quinacrine hydrochloride","DB01103","151"
14229,"DRD3","quinacrine hydrochloride","DB01103","1814"
14229,"CHRM4","quinacrine hydrochloride","DB01103","1132"
14229,"ADRA2A","quinacrine hydrochloride","DB01103","150"
14229,"HTR2A","quinacrine hydrochloride","DB01103","3356"
14229,"ADRA2C","quinacrine hydrochloride","DB01103","152"
14229,"CHRM5","quinacrine hydrochloride","DB01103","1133"
14229,"CHRM2","quinacrine hydrochloride","DB01103","1129"
14229,"HRH2","quinacrine hydrochloride","DB01103","3274"
14229,"PLA2G6","quinacrine hydrochloride","DB01103","8398"
14229,"HSD17B10","quinacrine hydrochloride","DB01103","3028"
14229,"POLB","quinacrine hydrochloride","DB01103","5423"
14229,"THPO","quinacrine hydrochloride","DB01103","7066"
14229,"CHRM1","quinacrine hydrochloride","DB01103","1128"
14229,"POLI","quinacrine hydrochloride","DB01103","11201"
14229,"ATAD5","quinacrine hydrochloride","DB01103","79915"
14229,"TP53","quinacrine hydrochloride","DB01103","7157"
14229,"PRNP","quinacrine hydrochloride","DB01103","5621"
14229,"HBB","quinacrine hydrochloride","DB01103","3043"
14229,"NPSR1","quinacrine hydrochloride","DB01103","387129"
14229,"PLCL1","quinacrine hydrochloride","DB01103","5334"
14229,"AOX1","quinacrine hydrochloride","DB01103","316"
14229,"ADRA1D","quinacrine hydrochloride","DB01103","146"
14229,"SLC6A2","quinacrine hydrochloride","DB01103","6530"
14229,"EHMT2","quinacrine hydrochloride","DB01103","10919"
14229,"PLA2G4A","quinacrine hydrochloride","DB01103","5321"
14229,"POLK","quinacrine hydrochloride","DB01103","51426"
14229,"ACHE","quinacrine hydrochloride","DB01103","43"
296961,"DRD3","amifostine","DB01143","1814"
296961,"ENPP1","amifostine","DB01143","5167"
109724,"NR1I2","ifosfamide","DB01181","8856"
279836,"TOP2A","mitoxantrone","DB01204 ","7153"
279836,"PIM1","mitoxantrone","DB01204 ","5292"
279836,"AR","mitoxantrone","DB01204 ","367"
279836,"CHRM2","mitoxantrone","DB01204 ","1129"
279836,"HTR2C","mitoxantrone","DB01204 ","3358"
279836,"SLC6A2","mitoxantrone","DB01204 ","6530"
279836,"MPG","mitoxantrone","DB01204 ","4350"
279836,"NFKB1","mitoxantrone","DB01204 ","4790"
279836,"APEX1","mitoxantrone","DB01204 ","328"
279836,"CHRM1","mitoxantrone","DB01204 ","1128"
279836,"POLI","mitoxantrone","DB01204 ","11201"
279836,"SLC47A2","mitoxantrone","DB01204 ","146802"
279836,"SMAD3","mitoxantrone","DB01204 ","4088"
279836,"POLK","mitoxantrone","DB01204 ","51426"
279836,"ABCC1","mitoxantrone","DB01204 ","4363"
279836,"FEN1","mitoxantrone","DB01204 ","2237"
279836,"CHRM4","mitoxantrone","DB01204 ","1132"
279836,"FYN","mitoxantrone","DB01204 ","2534"
279836,"MAPT","mitoxantrone","DB01204 ","4137"
279836,"POLH","mitoxantrone","DB01204 ","5429"
279836,"SLC47A1","mitoxantrone","DB01204 ","55244"
279836,"THPO","mitoxantrone","DB01204 ","7066"
279836,"STK33","mitoxantrone","DB01204 ","65975"
279836,"POLB","mitoxantrone","DB01204 ","5423"
279836,"PAX8","mitoxantrone","DB01204 ","7849"
279836,"CBX1","mitoxantrone","DB01204 ","10951"
279836,"L3MBTL1","mitoxantrone","DB01204 ","26013"
279836,"MAPK1","mitoxantrone","DB01204 ","5594"
279836,"IDH1","mitoxantrone","DB01204 ","3417"
279836,"ERBB2","mitoxantrone","DB01204 ","2064"
279836,"ATXN2","mitoxantrone","DB01204 ","6311"
279836,"NPSR1","mitoxantrone","DB01204 ","387129"
279836,"KCNH2","mitoxantrone","DB01204 ","3757"
279836,"BTK","mitoxantrone","DB01204 ","695"
279836,"BLM","mitoxantrone","DB01204 ","641"
279836,"RAD52","mitoxantrone","DB01204 ","5893"
279836,"WRN","mitoxantrone","DB01204 ","7486"
279836,"RECQL","mitoxantrone","DB01204 ","5965"
279836,"EGFR","mitoxantrone","DB01204 ","1956"
279836,"BAZ2B","mitoxantrone","DB01204 ","29994"
279836,"MBNL1","mitoxantrone","DB01204 ","4154"
279836,"EHMT2","mitoxantrone","DB01204 ","10919"
279836,"KDM4A","mitoxantrone","DB01204 ","9682"
279836,"SLCO1B3","mitoxantrone","DB01204 ","28234"
279836,"ATAD5","mitoxantrone","DB01204 ","79915"
279836,"MPHOSPH8","mitoxantrone","DB01204 ","54737"
279836,"HTT","mitoxantrone","DB01204 ","3064"
79037,"STMN4","lomustine","DB01206","81551"
125973,"TUBB1","paclitaxel","DB01229","81027"
125973,"NR1I2","paclitaxel","DB01229","8856"
125973,"MAP4","paclitaxel","DB01229","4134"
125973,"BCL2","paclitaxel","DB01229","596"
125973,"MAP2","paclitaxel","DB01229","4133"
125973,"MAPT","paclitaxel","DB01229","4137"
628503,"MAP2","docetaxel","DB01248","4133"
628503,"NR1I2","docetaxel","DB01248","8856"
628503,"BCL2","docetaxel","DB01248","596"
628503,"TUBB1","docetaxel","DB01248","81027"
628503,"MAPT","docetaxel","DB01248","4137"
628503,"MAP4","docetaxel","DB01248","4134"
732517,"ERBB3","dasatinib","DB01254","2065"
732517,"PPAT","dasatinib","DB01254","5471"
732517,"HCK","dasatinib","DB01254","3055"
732517,"FGFR1","dasatinib","DB01254","2260"
732517,"PDGFRB","dasatinib","DB01254","5159"
732517,"SRC","dasatinib","DB01254","6714"
732517,"HSPA8","dasatinib","DB01254","3312"
732517,"MAP4K5","dasatinib","DB01254","11183"
732517,"FGFR2","dasatinib","DB01254","2263"
732517,"PPARD","dasatinib","DB01254","5467"
732517,"EPHA1","dasatinib","DB01254","2041"
732517,"PDGFRA","dasatinib","DB01254","5156"
732517,"RET","dasatinib","DB01254","5979"
732517,"JAK2","dasatinib","DB01254","3717"
732517,"ACVR1","dasatinib","DB01254","90"
732517,"KIT","dasatinib","DB01254","3815"
732517,"ABL1","dasatinib","DB01254","25"
732517,"CDC42BPB","dasatinib","DB01254","9578"
732517,"WEE2","dasatinib","DB01254","494551"
732517,"BCR","dasatinib","DB01254","613"
732517,"NR4A3","dasatinib","DB01254","8013"
732517,"EPHB6","dasatinib","DB01254","2051"
732517,"MAP3K13","dasatinib","DB01254","9175"
732517,"CYP3A4","dasatinib","DB01254","1576"
732517,"YES1","dasatinib","DB01254","7525"
732517,"DYRK3","dasatinib","DB01254","8444"
732517,"LIMK1","dasatinib","DB01254","3984"
732517,"STK10","dasatinib","DB01254","6793"
732517,"MAP4K4","dasatinib","DB01254","9448"
732517,"FGR","dasatinib","DB01254","2268"
732517,"EPHB4","dasatinib","DB01254","2050"
732517,"EPHB1","dasatinib","DB01254","2047"
732517,"EPHA4","dasatinib","DB01254","2043"
732517,"BRAF","dasatinib","DB01254","673"
732517,"SMAD3","dasatinib","DB01254","4088"
732517,"FLT1","dasatinib","DB01254","2321"
732517,"EIF2AK4","dasatinib","DB01254","440275"
732517,"NLK","dasatinib","DB01254","51701"
732517,"BTK","dasatinib","DB01254","695"
732517,"FGFR3","dasatinib","DB01254","2261"
732517,"LIMK2","dasatinib","DB01254","3985"
732517,"EPHB3","dasatinib","DB01254","2049"
732517,"EPHA3","dasatinib","DB01254","2042"
732517,"EPHA8","dasatinib","DB01254","2046"
732517,"EPHB2","dasatinib","DB01254","2048"
732517,"MAP3K4","dasatinib","DB01254","4216"
732517,"STAT5B","dasatinib","DB01254","6777"
732517,"ERBB4","dasatinib","DB01254","2066"
732517,"TESK1","dasatinib","DB01254","7016"
732517,"MAPK11","dasatinib","DB01254","5600"
732517,"MAP3K7","dasatinib","DB01254","6885"
732517,"RIPK2","dasatinib","DB01254","8767"
732517,"ACVRL1","dasatinib","DB01254","94"
732517,"TGFBR2","dasatinib","DB01254","7048"
732517,"CSK","dasatinib","DB01254","1445"
732517,"TEC","dasatinib","DB01254","7006"
732517,"TXK","dasatinib","DB01254","7294"
732517,"ABL2","dasatinib","DB01254","27"
732517,"FRK","dasatinib","DB01254","2444"
732517,"SYK","dasatinib","DB01254","6850"
732517,"CSNK1A1","dasatinib","DB01254","1452"
732517,"CSNK1E","dasatinib","DB01254","1454"
732517,"BLK","dasatinib","DB01254","640"
732517,"BMX","dasatinib","DB01254","660"
732517,"NEK2","dasatinib","DB01254","4751"
732517,"JAK3","dasatinib","DB01254","3718"
732517,"MAP4K1","dasatinib","DB01254","11184"
732517,"AURKB","dasatinib","DB01254","9212"
732517,"EPHA2","dasatinib","DB01254","1969"
732517,"EPHA5","dasatinib","DB01254","2044"
732517,"MAP3K3","dasatinib","DB01254","4215"
732517,"SIK2","dasatinib","DB01254","23235"
732517,"MYLK2","dasatinib","DB01254","85366"
732517,"SIK1","dasatinib","DB01254","150094"
732517,"SRMS","dasatinib","DB01254","6725"
732517,"MYT1","dasatinib","DB01254","4661"
732517,"STK36","dasatinib","DB01254","27148"
732517,"MAP2K1","dasatinib","DB01254","5604"
732517,"MAP3K10","dasatinib","DB01254","4294"
732517,"TNK2","dasatinib","DB01254","10188"
732517,"ACVR2A","dasatinib","DB01254","92"
732517,"TGFBR1","dasatinib","DB01254","7046"
732517,"SIK3","dasatinib","DB01254","23387"
732517,"MAP3K2","dasatinib","DB01254","10746"
732517,"BMPR1B","dasatinib","DB01254","658"
732517,"PLK4","dasatinib","DB01254","10733"
732517,"STK25","dasatinib","DB01254","10494"
732517,"AURKA","dasatinib","DB01254","6790"
732517,"GAK","dasatinib","DB01254","2580"
732517,"KDR","dasatinib","DB01254","3791"
732517,"MAP2K2","dasatinib","DB01254","5605"
732517,"FLT3","dasatinib","DB01254","2322"
732517,"BMPR1A","dasatinib","DB01254","657"
732517,"ACVR1B","dasatinib","DB01254","91"
732517,"MAPK14","dasatinib","DB01254","1432"
732517,"SBK1","dasatinib","DB01254","388228"
732517,"MAP3K19","dasatinib","DB01254","80122"
732517,"TNNI3K","dasatinib","DB01254","51086"
732517,"EGFR","dasatinib","DB01254","1956"
732517,"RAF1","dasatinib","DB01254","5894"
732517,"ERBB2","dasatinib","DB01254","2064"
732517,"LCK","dasatinib","DB01254","3932"
732517,"FYN","dasatinib","DB01254","2534"
732517,"FES","dasatinib","DB01254","2242"
732517,"CSF1R","dasatinib","DB01254","1436"
732517,"NEK11","dasatinib","DB01254","79858"
732517,"LYN","dasatinib","DB01254","4067"
732517,"STK35","dasatinib","DB01254","140901"
732517,"TAOK2","dasatinib","DB01254","9344"
732517,"PKMYT1","dasatinib","DB01254","9088"
732517,"DMPK","dasatinib","DB01254","1760"
732517,"MAP4K2","dasatinib","DB01254","5871"
732517,"STK4","dasatinib","DB01254","6789"
732517,"SLK","dasatinib","DB01254","9748"
732517,"TAOK3","dasatinib","DB01254","51347"
732517,"AXL","dasatinib","DB01254","558"
732517,"VRK2","dasatinib","DB01254","7444"
732517,"IRAK4","dasatinib","DB01254","51135"
732517,"PKN2","dasatinib","DB01254","5586"
732517,"TAOK1","dasatinib","DB01254","57551"
732517,"DDR2","dasatinib","DB01254","4921"
732517,"DDR1","dasatinib","DB01254","780"
732517,"TNIK","dasatinib","DB01254","23043"
732517,"ULK3","dasatinib","DB01254","25989"
732517,"CDC42BPA","dasatinib","DB01254","8476"
732517,"TYK2","dasatinib","DB01254","7297"
732517,"WEE1","dasatinib","DB01254","7465"
732517,"PTK6","dasatinib","DB01254","5753"
732517,"MAP4K3","dasatinib","DB01254","8491"
732517,"MINK1","dasatinib","DB01254","50488"
732517,"ACVR2B","dasatinib","DB01254","93"
732517,"EPHA6","dasatinib","DB01254","285220"
732517,"MAP2K5","dasatinib","DB01254","5607"
732517,"CDC42BPG","dasatinib","DB01254","55561"
745750,"EGFR","lapatinib ditosylate","DB01259","1956"
745750,"PIK3C2G","lapatinib ditosylate","DB01259","5288"
745750,"PIK3C2B","lapatinib ditosylate","DB01259","5287"
745750,"CYP3A4","lapatinib ditosylate","DB01259","1576"
745750,"SLK","lapatinib ditosylate","DB01259","9748"
745750,"RET","lapatinib ditosylate","DB01259","5979"
745750,"ERBB3","lapatinib ditosylate","DB01259","2065"
745750,"ERBB4","lapatinib ditosylate","DB01259","2066"
745750,"PDGFRB","lapatinib ditosylate","DB01259","5159"
745750,"RIPK2","lapatinib ditosylate","DB01259","8767"
745750,"MAP2K7","lapatinib ditosylate","DB01259","5609"
745750,"MAP2K5","lapatinib ditosylate","DB01259","5607"
745750,"STK10","lapatinib ditosylate","DB01259","6793"
745750,"AURKB","lapatinib ditosylate","DB01259","9212"
745750,"YES1","lapatinib ditosylate","DB01259","7525"
745750,"KCNH2","lapatinib ditosylate","DB01259","3757"
745750,"ERBB2","lapatinib ditosylate","DB01259","2064"
745750,"PI4KB","lapatinib ditosylate","DB01259","5298"
127716,"DNMT1","decitabine","DB01262","1786"
127716,"GMNN","decitabine","DB01262","51053"
750690,"ULK1","sunitinib (free base)","DB01268","8408"
750690,"IKBKE","sunitinib (free base)","DB01268","9641"
750690,"PTK2B","sunitinib (free base)","DB01268","2185"
750690,"PTK6","sunitinib (free base)","DB01268","5753"
750690,"MAP4K4","sunitinib (free base)","DB01268","9448"
750690,"RPS6KA1","sunitinib (free base)","DB01268","6195"
750690,"IRAK3","sunitinib (free base)","DB01268","11213"
750690,"JAK2","sunitinib (free base)","DB01268","3717"
750690,"CAMK1","sunitinib (free base)","DB01268","8536"
750690,"MYLK","sunitinib (free base)","DB01268","4638"
750690,"BRD4","sunitinib (free base)","DB01268","23476"
750690,"STK24","sunitinib (free base)","DB01268","8428"
750690,"MELK","sunitinib (free base)","DB01268","9833"
750690,"MAP3K4","sunitinib (free base)","DB01268","4216"
750690,"EPHA7","sunitinib (free base)","DB01268","2045"
750690,"MYO3B","sunitinib (free base)","DB01268","140469"
750690,"DYRK2","sunitinib (free base)","DB01268","8445"
750690,"ROCK2","sunitinib (free base)","DB01268","9475"
750690,"BRSK2","sunitinib (free base)","DB01268","9024"
750690,"ULK2","sunitinib (free base)","DB01268","9706"
750690,"ERN1","sunitinib (free base)","DB01268","2081"
750690,"CSNK1G3","sunitinib (free base)","DB01268","1456"
750690,"RPS6KA5","sunitinib (free base)","DB01268","9252"
750690,"RPS6KA4","sunitinib (free base)","DB01268","8986"
750690,"STK16","sunitinib (free base)","DB01268","8576"
750690,"PAK3","sunitinib (free base)","DB01268","5063"
750690,"RPS6KA2","sunitinib (free base)","DB01268","6196"
750690,"PRKD1","sunitinib (free base)","DB01268","5587"
750690,"STK38","sunitinib (free base)","DB01268","11329"
750690,"CDK14","sunitinib (free base)","DB01268","5218"
750690,"OXSR1","sunitinib (free base)","DB01268","9943"
750690,"LTK","sunitinib (free base)","DB01268","4058"
750690,"CDKL2","sunitinib (free base)","DB01268","8999"
750690,"STK11","sunitinib (free base)","DB01268","6794"
750690,"CAMK2G","sunitinib (free base)","DB01268","818"
750690,"NTRK3","sunitinib (free base)","DB01268","4916"
750690,"PKN1","sunitinib (free base)","DB01268","5585"
750690,"PKN2","sunitinib (free base)","DB01268","5586"
750690,"CAMK4","sunitinib (free base)","DB01268","814"
750690,"ANKK1","sunitinib (free base)","DB01268","255239"
750690,"CAMK2A","sunitinib (free base)","DB01268","815"
750690,"STK38L","sunitinib (free base)","DB01268","23012"
750690,"MAST1","sunitinib (free base)","DB01268","22983"
750690,"MAP3K2","sunitinib (free base)","DB01268","10746"
750690,"DYRK1B","sunitinib (free base)","DB01268","9149"
750690,"MAP4K5","sunitinib (free base)","DB01268","11183"
750690,"LRRK2","sunitinib (free base)","DB01268","120892"
750690,"ULK3","sunitinib (free base)","DB01268","25989"
750690,"DSTYK","sunitinib (free base)","DB01268","25778"
750690,"MAP3K15","sunitinib (free base)","DB01268","389840"
750690,"MARK2","sunitinib (free base)","DB01268","2011"
750690,"TAOK1","sunitinib (free base)","DB01268","57551"
750690,"TLK2","sunitinib (free base)","DB01268","11011"
750690,"PIM3","sunitinib (free base)","DB01268","415116"
750690,"MYLK4","sunitinib (free base)","DB01268","340156"
750690,"HIPK1","sunitinib (free base)","DB01268","204851"
750690,"CAMK1D","sunitinib (free base)","DB01268","57118"
750690,"MAP4K3","sunitinib (free base)","DB01268","8491"
750690,"CLK4","sunitinib (free base)","DB01268","57396"
750690,"MKNK2","sunitinib (free base)","DB01268","2872"
750690,"MINK1","sunitinib (free base)","DB01268","50488"
750690,"DCLK2","sunitinib (free base)","DB01268","166614"
750690,"CAMKK1","sunitinib (free base)","DB01268","84254"
750690,"CSNK1A1L","sunitinib (free base)","DB01268","122011"
750690,"HIPK4","sunitinib (free base)","DB01268","147746"
750690,"MYO3A","sunitinib (free base)","DB01268","53904"
750690,"PLK2","sunitinib (free base)","DB01268","10769"
750690,"BRSK1","sunitinib (free base)","DB01268","84446"
750690,"STK35","sunitinib (free base)","DB01268","140901"
750690,"NEK7","sunitinib (free base)","DB01268","140609"
750690,"GRK7","sunitinib (free base)","DB01268","131890"
750690,"EPHA6","sunitinib (free base)","DB01268","285220"
750690,"TBK1","sunitinib (free base)","DB01268","29110"
750690,"MAP4K1","sunitinib (free base)","DB01268","11184"
750690,"GRK1","sunitinib (free base)","DB01268","6011"
750690,"TNIK","sunitinib (free base)","DB01268","23043"
750690,"TLK1","sunitinib (free base)","DB01268","9874"
750690,"ALK","sunitinib (free base)","DB01268","238"
750690,"SRPK3","sunitinib (free base)","DB01268","26576"
750690,"ICK","sunitinib (free base)","DB01268","22858"
750690,"AURKC","sunitinib (free base)","DB01268","6795"
750690,"BMPR1B","sunitinib (free base)","DB01268","658"
750690,"PLK4","sunitinib (free base)","DB01268","10733"
750690,"STK25","sunitinib (free base)","DB01268","10494"
750690,"CIT","sunitinib (free base)","DB01268","11113"
750690,"RIOK3","sunitinib (free base)","DB01268","8780"
750690,"CHEK1","sunitinib (free base)","DB01268","1111"
750690,"AURKA","sunitinib (free base)","DB01268","6790"
750690,"GAK","sunitinib (free base)","DB01268","2580"
750690,"DCLK1","sunitinib (free base)","DB01268","9201"
750690,"CHUK","sunitinib (free base)","DB01268","1147"
750690,"MUSK","sunitinib (free base)","DB01268","4593"
750690,"EPHB6","sunitinib (free base)","DB01268","2051"
750690,"PDPK1","sunitinib (free base)","DB01268","5170"
750690,"PRPF4","sunitinib (free base)","DB01268","9128"
750690,"MAP3K13","sunitinib (free base)","DB01268","9175"
750690,"DAPK3","sunitinib (free base)","DB01268","1613"
750690,"MAP3K7","sunitinib (free base)","DB01268","6885"
750690,"NUAK1","sunitinib (free base)","DB01268","9891"
750690,"PRPF4B","sunitinib (free base)","DB01268","8899"
750690,"RIPK1","sunitinib (free base)","DB01268","8737"
750690,"CAMK2B","sunitinib (free base)","DB01268","816"
750690,"EIF2AK2","sunitinib (free base)","DB01268","5610"
750690,"CAMK2D","sunitinib (free base)","DB01268","817"
750690,"DYRK1A","sunitinib (free base)","DB01268","1859"
750690,"BMPR2","sunitinib (free base)","DB01268","659"
750690,"FGFR3","sunitinib (free base)","DB01268","2261"
750690,"STK17B","sunitinib (free base)","DB01268","9262"
750690,"STK10","sunitinib (free base)","DB01268","6793"
750690,"PRKD3","sunitinib (free base)","DB01268","23683"
750690,"MARK3","sunitinib (free base)","DB01268","4140"
750690,"EPHA3","sunitinib (free base)","DB01268","2042"
750690,"STK39","sunitinib (free base)","DB01268","27347"
750690,"LATS1","sunitinib (free base)","DB01268","9113"
750690,"PAK4","sunitinib (free base)","DB01268","10298"
750690,"CHEK2","sunitinib (free base)","DB01268","11200"
750690,"ABL1","sunitinib (free base)","DB01268","25"
750690,"EGFR","sunitinib (free base)","DB01268","1956"
750690,"NTRK1","sunitinib (free base)","DB01268","4914"
750690,"INSR","sunitinib (free base)","DB01268","3643"
750690,"MAP3K11","sunitinib (free base)","DB01268","4296"
750690,"NTRK2","sunitinib (free base)","DB01268","4915"
750690,"PHKG1","sunitinib (free base)","DB01268","5260"
750690,"DDR2","sunitinib (free base)","DB01268","4921"
750690,"AAK1","sunitinib (free base)","DB01268","22848"
750690,"MYLK3","sunitinib (free base)","DB01268","91807"
750690,"SBK1","sunitinib (free base)","DB01268","388228"
750690,"MAP3K19","sunitinib (free base)","DB01268","80122"
750690,"MET","sunitinib (free base)","DB01268","4233"
750690,"HCK","sunitinib (free base)","DB01268","3055"
750690,"PDGFRB","sunitinib (free base)","DB01268","5159"
750690,"FGR","sunitinib (free base)","DB01268","2268"
750690,"KIT","sunitinib (free base)","DB01268","3815"
750690,"FGFR1","sunitinib (free base)","DB01268","2260"
750690,"CDK4","sunitinib (free base)","DB01268","1019"
750690,"SRC","sunitinib (free base)","DB01268","6714"
750690,"INSRR","sunitinib (free base)","DB01268","3645"
750690,"PHKG2","sunitinib (free base)","DB01268","5261"
750690,"PDGFRA","sunitinib (free base)","DB01268","5156"
750690,"FER","sunitinib (free base)","DB01268","2241"
750690,"PRKCA","sunitinib (free base)","DB01268","5578"
750690,"FLT1","sunitinib (free base)","DB01268","2321"
750690,"PAK6","sunitinib (free base)","DB01268","56924"
750690,"CSNK2A2","sunitinib (free base)","DB01268","1459"
750690,"FGFR2","sunitinib (free base)","DB01268","2263"
750690,"FGFR4","sunitinib (free base)","DB01268","2264"
750690,"IRAK4","sunitinib (free base)","DB01268","51135"
750690,"RPS6KB1","sunitinib (free base)","DB01268","6198"
750690,"JAK1","sunitinib (free base)","DB01268","3716"
750690,"CDK2","sunitinib (free base)","DB01268","1017"
750690,"EIF2AK4","sunitinib (free base)","DB01268","440275"
750690,"STK17A","sunitinib (free base)","DB01268","9263"
750690,"CSNK2A1","sunitinib (free base)","DB01268","1457"
750690,"TYK2","sunitinib (free base)","DB01268","7297"
750690,"WEE1","sunitinib (free base)","DB01268","7465"
750690,"AXL","sunitinib (free base)","DB01268","558"
750690,"SGK3","sunitinib (free base)","DB01268","23678"
750690,"AURKB","sunitinib (free base)","DB01268","9212"
750690,"MARK4","sunitinib (free base)","DB01268","57787"
750690,"CAMK1G","sunitinib (free base)","DB01268","57172"
750690,"CAMKK2","sunitinib (free base)","DB01268","10645"
750690,"SRPK1","sunitinib (free base)","DB01268","6732"
750690,"PIP5K1A","sunitinib (free base)","DB01268","8394"
750690,"MAP3K3","sunitinib (free base)","DB01268","4215"
750690,"RIOK1","sunitinib (free base)","DB01268","83732"
750690,"MKNK1","sunitinib (free base)","DB01268","8569"
750690,"RIOK2","sunitinib (free base)","DB01268","55781"
750690,"TSSK1B","sunitinib (free base)","DB01268","83942"
750690,"STK33","sunitinib (free base)","DB01268","65975"
750690,"PRKD2","sunitinib (free base)","DB01268","25865"
750690,"DCLK3","sunitinib (free base)","DB01268","85443"
750690,"NUAK2","sunitinib (free base)","DB01268","81788"
750690,"SIK2","sunitinib (free base)","DB01268","23235"
750690,"MYLK2","sunitinib (free base)","DB01268","85366"
750690,"SLK","sunitinib (free base)","DB01268","9748"
750690,"TNKS2","sunitinib (free base)","DB01268","80351"
750690,"TAOK3","sunitinib (free base)","DB01268","51347"
750690,"HIPK2","sunitinib (free base)","DB01268","28996"
750690,"HIPK3","sunitinib (free base)","DB01268","10114"
750690,"JAK3","sunitinib (free base)","DB01268","3718"
750690,"MAP2K6","sunitinib (free base)","DB01268","5608"
750690,"CSNK1G1","sunitinib (free base)","DB01268","53944"
750690,"DAPK2","sunitinib (free base)","DB01268","23604"
750690,"SNRK","sunitinib (free base)","DB01268","54861"
750690,"LATS2","sunitinib (free base)","DB01268","26524"
750690,"BMP2K","sunitinib (free base)","DB01268","55589"
750690,"EPHA5","sunitinib (free base)","DB01268","2044"
750690,"EPHB1","sunitinib (free base)","DB01268","2047"
750690,"MARK1","sunitinib (free base)","DB01268","4139"
750690,"PIM2","sunitinib (free base)","DB01268","11040"
750690,"SIK1","sunitinib (free base)","DB01268","150094"
750690,"RIPK4","sunitinib (free base)","DB01268","54101"
750690,"CDK18","sunitinib (free base)","DB01268","5129"
750690,"SRPK2","sunitinib (free base)","DB01268","6733"
750690,"CSNK1G2","sunitinib (free base)","DB01268","1455"
750690,"ITK","sunitinib (free base)","DB01268","3702"
750690,"RPS6KA6","sunitinib (free base)","DB01268","27330"
750690,"CDK5","sunitinib (free base)","DB01268","1020"
750690,"CDK16","sunitinib (free base)","DB01268","5127"
750690,"CDK17","sunitinib (free base)","DB01268","5128"
750690,"MAP2K1","sunitinib (free base)","DB01268","5604"
750690,"PRKCQ","sunitinib (free base)","DB01268","5588"
750690,"PTK2","sunitinib (free base)","DB01268","5747"
750690,"BTK","sunitinib (free base)","DB01268","695"
750690,"TYRO3","sunitinib (free base)","DB01268","7301"
750690,"ROCK1","sunitinib (free base)","DB01268","6093"
750690,"TNK2","sunitinib (free base)","DB01268","10188"
750690,"DDR1","sunitinib (free base)","DB01268","780"
750690,"RET","sunitinib (free base)","DB01268","5979"
750690,"KCNH2","sunitinib (free base)","DB01268","3757"
750690,"MAP4K2","sunitinib (free base)","DB01268","5871"
750690,"MAP3K12","sunitinib (free base)","DB01268","7786"
750690,"MERTK","sunitinib (free base)","DB01268","10461"
750690,"STK4","sunitinib (free base)","DB01268","6789"
750690,"PRKAA1","sunitinib (free base)","DB01268","5562"
750690,"MAP2K5","sunitinib (free base)","DB01268","5607"
750690,"MAPK7","sunitinib (free base)","DB01268","5598"
750690,"STK3","sunitinib (free base)","DB01268","6788"
750690,"CSF1R","sunitinib (free base)","DB01268","1436"
750690,"TNK1","sunitinib (free base)","DB01268","8711"
750690,"NEK2","sunitinib (free base)","DB01268","4751"
750690,"ABL2","sunitinib (free base)","DB01268","27"
750690,"IGF1R","sunitinib (free base)","DB01268","3480"
750690,"DAPK1","sunitinib (free base)","DB01268","1612"
750690,"MAPK10","sunitinib (free base)","DB01268","5602"
750690,"PRKAA2","sunitinib (free base)","DB01268","5563"
750690,"TTK","sunitinib (free base)","DB01268","7272"
750690,"EPHB4","sunitinib (free base)","DB01268","2050"
750690,"LCK","sunitinib (free base)","DB01268","3932"
750690,"HUNK","sunitinib (free base)","DB01268","30811"
750690,"FES","sunitinib (free base)","DB01268","2242"
750690,"BLK","sunitinib (free base)","DB01268","640"
750690,"YES1","sunitinib (free base)","DB01268","7525"
750690,"PIP4K2B","sunitinib (free base)","DB01268","8396"
750690,"GRK4","sunitinib (free base)","DB01268","2868"
750690,"FRK","sunitinib (free base)","DB01268","2444"
750690,"MAP3K9","sunitinib (free base)","DB01268","4293"
750690,"AKT2","sunitinib (free base)","DB01268","208"
750690,"FYN","sunitinib (free base)","DB01268","2534"
750690,"CSNK1D","sunitinib (free base)","DB01268","1453"
750690,"TIE1","sunitinib (free base)","DB01268","7075"
750690,"CLK1","sunitinib (free base)","DB01268","1195"
750690,"LYN","sunitinib (free base)","DB01268","4067"
750690,"CDK7","sunitinib (free base)","DB01268","1022"
750690,"MAP2K2","sunitinib (free base)","DB01268","5605"
750690,"IRAK1","sunitinib (free base)","DB01268","3654"
750690,"MAP2K3","sunitinib (free base)","DB01268","5606"
750690,"CSNK1A1","sunitinib (free base)","DB01268","1452"
750690,"KDR","sunitinib (free base)","DB01268","3791"
750690,"MAP2K4","sunitinib (free base)","DB01268","6416"
750690,"FLT3","sunitinib (free base)","DB01268","2322"
750690,"CLK2","sunitinib (free base)","DB01268","1196"
750690,"DLK1","sunitinib (free base)","DB01268","8788"
750690,"CSNK1E","sunitinib (free base)","DB01268","1454"
750690,"MAPK9","sunitinib (free base)","DB01268","5601"
750690,"RPS6KA3","sunitinib (free base)","DB01268","6197"
750690,"FLT4","sunitinib (free base)","DB01268","2324"
750690,"MATK","sunitinib (free base)","DB01268","4145"
686673,"POLA1","nelarabine","DB01280","5422"
733504,"MTOR","everolimus","DB01590","2475"
701852,"NFE2L2","vorinostat","DB02546","4780"
701852,"HDAC1","vorinostat","DB02546","3065"
701852,"CFTR","vorinostat","DB02546","1080"
701852,"NCOR1","vorinostat","DB02546","9611"
701852,"HDAC4","vorinostat","DB02546","9759"
701852,"HDAC2","vorinostat","DB02546","3066"
701852,"PAX8","vorinostat","DB02546","7849"
701852,"HDAC6","vorinostat","DB02546","10013"
701852,"HDAC3","vorinostat","DB02546","8841"
701852,"GMNN","vorinostat","DB02546","51053"
701852,"HDAC11","vorinostat","DB02546","79885"
701852,"HDAC9","vorinostat","DB02546","9734"
701852,"NR0B1","vorinostat","DB02546","190"
701852,"HDAC7","vorinostat","DB02546","51564"
701852,"HDAC8","vorinostat","DB02546","55869"
701852,"HDAC10","vorinostat","DB02546","83933"
701852,"HDAC5","vorinostat","DB02546","10014"
6396,"EHMT2","thiotepa","DB04572","10919"
6396,"HPGD","thiotepa","DB04572","3248"
6396,"GMNN","thiotepa","DB04572","51053"
747973,"TUBB3","ixabepilone","DB04845","10381"
747599,"ABL1","nilotinib","DB04868","25"
747599,"EPHA8","nilotinib","DB04868","2046"
747599,"EPHA3","nilotinib","DB04868","2042"
747599,"EPHB4","nilotinib","DB04868","2050"
747599,"STK10","nilotinib","DB04868","6793"
747599,"MAPK10","nilotinib","DB04868","5602"
747599,"TYK2","nilotinib","DB04868","7297"
747599,"CA3","nilotinib","DB04868","761"
747599,"YES1","nilotinib","DB04868","7525"
747599,"BLK","nilotinib","DB04868","640"
747599,"EPHB2","nilotinib","DB04868","2048"
747599,"CA12","nilotinib","DB04868","771"
747599,"CDC42BPB","nilotinib","DB04868","9578"
747599,"JAK2","nilotinib","DB04868","3717"
747599,"LCK","nilotinib","DB04868","3932"
747599,"FYN","nilotinib","DB04868","2534"
747599,"CSK","nilotinib","DB04868","1445"
747599,"RAF1","nilotinib","DB04868","5894"
747599,"EPHB1","nilotinib","DB04868","2047"
747599,"CSF1R","nilotinib","DB04868","1436"
747599,"EPHA2","nilotinib","DB04868","1969"
747599,"CA6","nilotinib","DB04868","765"
747599,"EPHA6","nilotinib","DB04868","285220"
747599,"CLK1","nilotinib","DB04868","1195"
747599,"CA14","nilotinib","DB04868","23632"
747599,"NTRK3","nilotinib","DB04868","4916"
747599,"CA1","nilotinib","DB04868","759"
747599,"CA2","nilotinib","DB04868","760"
747599,"EPHA5","nilotinib","DB04868","2044"
747599,"FLT3","nilotinib","DB04868","2322"
747599,"TNNI3K","nilotinib","DB04868","51086"
747599,"PDGFRA","nilotinib","DB04868","5156"
747599,"EPHA4","nilotinib","DB04868","2043"
747599,"DDR1","nilotinib","DB04868","780"
747599,"KCNH2","nilotinib","DB04868","3757"
747599,"MAP2K5","nilotinib","DB04868","5607"
747599,"LYN","nilotinib","DB04868","4067"
747599,"EPHB6","nilotinib","DB04868","2051"
747599,"DDR2","nilotinib","DB04868","4921"
747599,"MAPK14","nilotinib","DB04868","1432"
747599,"NTRK2","nilotinib","DB04868","4915"
747599,"EPHB3","nilotinib","DB04868","2049"
747599,"FRK","nilotinib","DB04868","2444"
747599,"TIE1","nilotinib","DB04868","7075"
747599,"ABL2","nilotinib","DB04868","27"
747599,"PIP4K2C","nilotinib","DB04868","79837"
747599,"MAPK11","nilotinib","DB04868","5600"
747599,"CA4","nilotinib","DB04868","762"
747599,"MAPK8","nilotinib","DB04868","5599"
747599,"CA9","nilotinib","DB04868","768"
747599,"CA5A","nilotinib","DB04868","763"
747599,"PDGFRB","nilotinib","DB04868","5159"
747599,"TAOK1","nilotinib","DB04868","57551"
747599,"KIT","nilotinib","DB04868","3815"
747599,"MAP4K1","nilotinib","DB04868","11184"
747599,"TEK","nilotinib","DB04868","7010"
747599,"CLK4","nilotinib","DB04868","57396"
747599,"EPHA1","nilotinib","DB04868","2041"
747599,"MAPK9","nilotinib","DB04868","5601"
747599,"HCK","nilotinib","DB04868","3055"
747599,"TAOK3","nilotinib","DB04868","51347"
747599,"FGR","nilotinib","DB04868","2268"
747599,"RET","nilotinib","DB04868","5979"
747599,"SRC","nilotinib","DB04868","6714"
747599,"CA7","nilotinib","DB04868","766"
747599,"BRAF","nilotinib","DB04868","673"
760766,"TYRO3","vandetanib","DB05294","7301"
760766,"MERTK","vandetanib","DB05294","10461"
760766,"MST1R","vandetanib","DB05294","4486"
760766,"EPHB2","vandetanib","DB05294","2048"
760766,"PRKAA1","vandetanib","DB05294","5562"
760766,"MAP4K2","vandetanib","DB05294","5871"
760766,"EPHA6","vandetanib","DB05294","285220"
760766,"ERBB4","vandetanib","DB05294","2066"
760766,"ABL2","vandetanib","DB05294","27"
760766,"FRK","vandetanib","DB05294","2444"
760766,"EPHB4","vandetanib","DB05294","2050"
760766,"TESK1","vandetanib","DB05294","7016"
760766,"SRC","vandetanib","DB05294","6714"
760766,"IRAK1","vandetanib","DB05294","3654"
760766,"ACVR1","vandetanib","DB05294","90"
760766,"DDR1","vandetanib","DB05294","780"
760766,"AURKC","vandetanib","DB05294","6795"
760766,"SIK3","vandetanib","DB05294","23387"
760766,"EPHA5","vandetanib","DB05294","2044"
760766,"MAP2K5","vandetanib","DB05294","5607"
760766,"TXK","vandetanib","DB05294","7294"
760766,"PTK6","vandetanib","DB05294","5753"
760766,"EPHA7","vandetanib","DB05294","2045"
760766,"RPS6KA1","vandetanib","DB05294","6195"
760766,"EPHA3","vandetanib","DB05294","2042"
760766,"LTK","vandetanib","DB05294","4058"
760766,"RPS6KA6","vandetanib","DB05294","27330"
760766,"BTK","vandetanib","DB05294","695"
760766,"PHKG1","vandetanib","DB05294","5260"
760766,"DDR2","vandetanib","DB05294","4921"
760766,"MAP3K19","vandetanib","DB05294","80122"
760766,"MAP4K5","vandetanib","DB05294","11183"
760766,"CDC42BPB","vandetanib","DB05294","9578"
760766,"MAP3K4","vandetanib","DB05294","4216"
760766,"ABL1","vandetanib","DB05294","25"
760766,"EGFR","vandetanib","DB05294","1956"
760766,"ERBB2","vandetanib","DB05294","2064"
760766,"CSNK1E","vandetanib","DB05294","1454"
760766,"CDK7","vandetanib","DB05294","1022"
760766,"BLK","vandetanib","DB05294","640"
760766,"STK35","vandetanib","DB05294","140901"
760766,"STK32A","vandetanib","DB05294","202374"
760766,"MAP4K1","vandetanib","DB05294","11184"
760766,"AURKB","vandetanib","DB05294","9212"
760766,"MKNK1","vandetanib","DB05294","8569"
760766,"STK33","vandetanib","DB05294","65975"
760766,"SIK2","vandetanib","DB05294","23235"
760766,"SLK","vandetanib","DB05294","9748"
760766,"SRMS","vandetanib","DB05294","6725"
760766,"MKNK2","vandetanib","DB05294","2872"
760766,"IRAK4","vandetanib","DB05294","51135"
760766,"TEK","vandetanib","DB05294","7010"
760766,"PHKG2","vandetanib","DB05294","5261"
760766,"TNIK","vandetanib","DB05294","23043"
760766,"ALK","vandetanib","DB05294","238"
760766,"FLT1","vandetanib","DB05294","2321"
760766,"EPHA1","vandetanib","DB05294","2041"
760766,"FGFR2","vandetanib","DB05294","2263"
760766,"ERBB3","vandetanib","DB05294","2065"
760766,"FGFR3","vandetanib","DB05294","2261"
760766,"VEGFA","vandetanib","DB05294","7422"
760766,"RPS6KB1","vandetanib","DB05294","6198"
760766,"EPHA2","vandetanib","DB05294","1969"
760766,"CDC42BPG","vandetanib","DB05294","55561"
760766,"EPHA8","vandetanib","DB05294","2046"
760766,"MAPK14","vandetanib","DB05294","1432"
760766,"MAPK6","vandetanib","DB05294","5597"
760766,"FLT4","vandetanib","DB05294","2324"
760766,"KDR","vandetanib","DB05294","3791"
760766,"MAP2K2","vandetanib","DB05294","5605"
760766,"FLT3","vandetanib","DB05294","2322"
760766,"ACVRL1","vandetanib","DB05294","94"
760766,"CSK","vandetanib","DB05294","1445"
760766,"MTOR","vandetanib","DB05294","2475"
760766,"LRRK2","vandetanib","DB05294","120892"
760766,"CDC42BPA","vandetanib","DB05294","8476"
760766,"RIPK4","vandetanib","DB05294","54101"
760766,"ULK3","vandetanib","DB05294","25989"
760766,"MAP4K3","vandetanib","DB05294","8491"
760766,"MINK1","vandetanib","DB05294","50488"
760766,"LCK","vandetanib","DB05294","3932"
760766,"FYN","vandetanib","DB05294","2534"
760766,"CSF1R","vandetanib","DB05294","1436"
760766,"YES1","vandetanib","DB05294","7525"
760766,"LYN","vandetanib","DB05294","4067"
760766,"EPHB1","vandetanib","DB05294","2047"
760766,"EPHA4","vandetanib","DB05294","2043"
760766,"HUNK","vandetanib","DB05294","30811"
760766,"SIK1","vandetanib","DB05294","150094"
760766,"STK10","vandetanib","DB05294","6793"
760766,"MAP2K1","vandetanib","DB05294","5604"
760766,"FGFR1","vandetanib","DB05294","2260"
760766,"PLK4","vandetanib","DB05294","10733"
760766,"CIT","vandetanib","DB05294","11113"
760766,"PDGFRA","vandetanib","DB05294","5156"
760766,"BMPR1B","vandetanib","DB05294","658"
760766,"TNNI3K","vandetanib","DB05294","51086"
760766,"ROCK2","vandetanib","DB05294","9475"
760766,"GAK","vandetanib","DB05294","2580"
760766,"FGFR4","vandetanib","DB05294","2264"
760766,"KIT","vandetanib","DB05294","3815"
760766,"TIE1","vandetanib","DB05294","7075"
760766,"PDGFRB","vandetanib","DB05294","5159"
760766,"MAP4K4","vandetanib","DB05294","9448"
760766,"EPHB6","vandetanib","DB05294","2051"
760766,"MET","vandetanib","DB05294","4233"
760766,"HCK","vandetanib","DB05294","3055"
760766,"AXL","vandetanib","DB05294","558"
760766,"FGR","vandetanib","DB05294","2268"
760766,"RET","vandetanib","DB05294","5979"
760766,"RIPK2","vandetanib","DB05294","8767"
673596,"TOP1","7-ethyl-10-hydroxycamptothecin","DB05482","7150"
673596,"ABCG2","7-ethyl-10-hydroxycamptothecin","DB05482","9429"
757441,"FLT1","axitinib","DB06626","2321"
757441,"KDR","axitinib","DB06626","3791"
757441,"FLT4","axitinib","DB06626","2324"
761432,"TUBA4A","cabazitaxel","DB06772","7277"
761432,"TUBB1","cabazitaxel","DB06772","81027"
754230,"DHFR","pralatrexate","DB06813","1719"
754230,"TYMS","pralatrexate","DB06813","7298"
755986,"SHH","vismodegib","DB08828","6469"
755986,"ALB","vismodegib","DB08828","213"
755986,"SMO","vismodegib","DB08828","6608"
756645,"NTRK3","crizotinib","DB08865","4916"
756645,"NTRK2","crizotinib","DB08865","4915"
756645,"MAP3K19","crizotinib","DB08865","80122"
756645,"TNNI3K","crizotinib","DB08865","51086"
756645,"PRKD3","crizotinib","DB08865","23683"
756645,"AAK1","crizotinib","DB08865","22848"
756645,"TESK1","crizotinib","DB08865","7016"
756645,"ULK3","crizotinib","DB08865","25989"
756645,"EPHA7","crizotinib","DB08865","2045"
756645,"ABL1","crizotinib","DB08865","25"
756645,"EGFR","crizotinib","DB08865","1956"
756645,"ULK2","crizotinib","DB08865","9706"
756645,"MINK1","crizotinib","DB08865","50488"
756645,"LCK","crizotinib","DB08865","3932"
756645,"FYN","crizotinib","DB08865","2534"
756645,"SBK1","crizotinib","DB08865","388228"
756645,"INSR","crizotinib","DB08865","3643"
756645,"ALK","crizotinib","DB08865","238"
756645,"MET","crizotinib","DB08865","4233"
756645,"BMPR1B","crizotinib","DB08865","658"
756645,"PLK4","crizotinib","DB08865","10733"
756645,"RIOK3","crizotinib","DB08865","8780"
756645,"IKBKB","crizotinib","DB08865","3551"
756645,"CASK","crizotinib","DB08865","8573"
756645,"AURKA","crizotinib","DB08865","6790"
756645,"DCLK1","crizotinib","DB08865","9201"
756645,"MUSK","crizotinib","DB08865","4593"
756645,"EPHB6","crizotinib","DB08865","2051"
756645,"MAP3K13","crizotinib","DB08865","9175"
756645,"MAP3K7","crizotinib","DB08865","6885"
756645,"RIPK2","crizotinib","DB08865","8767"
756645,"JAK2","crizotinib","DB08865","3717"
756645,"ROCK2","crizotinib","DB08865","9475"
756645,"ULK1","crizotinib","DB08865","8408"
756645,"STK10","crizotinib","DB08865","6793"
756645,"TBK1","crizotinib","DB08865","29110"
756645,"TAOK2","crizotinib","DB08865","9344"
756645,"SRPK3","crizotinib","DB08865","26576"
756645,"NTRK1","crizotinib","DB08865","4914"
756645,"AURKC","crizotinib","DB08865","6795"
756645,"MAP3K2","crizotinib","DB08865","10746"
756645,"MAP4K5","crizotinib","DB08865","11183"
756645,"DSTYK","crizotinib","DB08865","25778"
756645,"MAP3K15","crizotinib","DB08865","389840"
756645,"TAOK1","crizotinib","DB08865","57551"
756645,"MAP4K3","crizotinib","DB08865","8491"
756645,"EPHB4","crizotinib","DB08865","2050"
756645,"EPHB1","crizotinib","DB08865","2047"
756645,"EPHA4","crizotinib","DB08865","2043"
756645,"RIPK4","crizotinib","DB08865","54101"
756645,"TEK","crizotinib","DB08865","7010"
756645,"ACVR1","crizotinib","DB08865","90"
756645,"MST1R","crizotinib","DB08865","4486"
756645,"PTK2","crizotinib","DB08865","5747"
756645,"BTK","crizotinib","DB08865","695"
756645,"TYRO3","crizotinib","DB08865","7301"
756645,"TNK2","crizotinib","DB08865","10188"
756645,"DDR1","crizotinib","DB08865","780"
756645,"ITK","crizotinib","DB08865","3702"
756645,"DMPK","crizotinib","DB08865","1760"
756645,"MAP4K2","crizotinib","DB08865","5871"
756645,"MAP3K12","crizotinib","DB08865","7786"
756645,"MERTK","crizotinib","DB08865","10461"
756645,"STK4","crizotinib","DB08865","6789"
756645,"PRKAA1","crizotinib","DB08865","5562"
756645,"MAPK7","crizotinib","DB08865","5598"
756645,"STK3","crizotinib","DB08865","6788"
756645,"MAP3K1","crizotinib","DB08865","4214"
756645,"ROCK1","crizotinib","DB08865","6093"
756645,"TNK1","crizotinib","DB08865","8711"
756645,"RIPK1","crizotinib","DB08865","8737"
756645,"IKBKE","crizotinib","DB08865","9641"
756645,"PTK2B","crizotinib","DB08865","2185"
756645,"PRKD1","crizotinib","DB08865","5587"
756645,"EPHA6","crizotinib","DB08865","285220"
756645,"ABL2","crizotinib","DB08865","27"
756645,"FRK","crizotinib","DB08865","2444"
756645,"ZAP70","crizotinib","DB08865","7535"
756645,"CDK11A","crizotinib","DB08865","728642"
756645,"MAP2K3","crizotinib","DB08865","5606"
756645,"CDK7","crizotinib","DB08865","1022"
756645,"BLK","crizotinib","DB08865","640"
756645,"IRAK3","crizotinib","DB08865","11213"
756645,"FES","crizotinib","DB08865","2242"
756645,"CSF1R","crizotinib","DB08865","1436"
756645,"YES1","crizotinib","DB08865","7525"
756645,"LYN","crizotinib","DB08865","4067"
756645,"RET","crizotinib","DB08865","5979"
756645,"IGF1R","crizotinib","DB08865","3480"
756645,"ROS1","crizotinib","DB08865","6098"
756645,"FGR","crizotinib","DB08865","2268"
756645,"DCLK2","crizotinib","DB08865","166614"
756645,"HIPK4","crizotinib","DB08865","147746"
756645,"ANKK1","crizotinib","DB08865","255239"
756645,"NEK9","crizotinib","DB08865","91754"
756645,"STK35","crizotinib","DB08865","140901"
756645,"NEK7","crizotinib","DB08865","140609"
756645,"DYRK2","crizotinib","DB08865","8445"
756645,"CDKL2","crizotinib","DB08865","8999"
756645,"MAP4K1","crizotinib","DB08865","11184"
756645,"AURKB","crizotinib","DB08865","9212"
756645,"CAMKK2","crizotinib","DB08865","10645"
756645,"SRPK1","crizotinib","DB08865","6732"
756645,"PIP5K1A","crizotinib","DB08865","8394"
756645,"MAP3K3","crizotinib","DB08865","4215"
756645,"RIOK1","crizotinib","DB08865","83732"
756645,"NUAK2","crizotinib","DB08865","81788"
756645,"SIK2","crizotinib","DB08865","23235"
756645,"SLK","crizotinib","DB08865","9748"
756645,"TAOK3","crizotinib","DB08865","51347"
756645,"BMP2K","crizotinib","DB08865","55589"
756645,"IRAK4","crizotinib","DB08865","51135"
756645,"TXK","crizotinib","DB08865","7294"
756645,"RPS6KB1","crizotinib","DB08865","6198"
756645,"JAK1","crizotinib","DB08865","3716"
756645,"EPHA2","crizotinib","DB08865","1969"
756645,"SYK","crizotinib","DB08865","6850"
756645,"KIT","crizotinib","DB08865","3815"
756645,"SRC","crizotinib","DB08865","6714"
756645,"INSRR","crizotinib","DB08865","3645"
756645,"IRAK1","crizotinib","DB08865","3654"
756645,"BMX","crizotinib","DB08865","660"
756645,"JAK3","crizotinib","DB08865","3718"
756645,"LIMK1","crizotinib","DB08865","3984"
756645,"LIMK2","crizotinib","DB08865","3985"
756645,"EPHA5","crizotinib","DB08865","2044"
756645,"EPHA8","crizotinib","DB08865","2046"
756645,"LTK","crizotinib","DB08865","4058"
756645,"TYK2","crizotinib","DB08865","7297"
756645,"FLT1","crizotinib","DB08865","2321"
756645,"EIF2AK2","crizotinib","DB08865","5610"
756645,"CDK11B","crizotinib","DB08865","984"
756645,"FER","crizotinib","DB08865","2241"
756645,"FGFR3","crizotinib","DB08865","2261"
756645,"GRK4","crizotinib","DB08865","2868"
756645,"TIE1","crizotinib","DB08865","7075"
756645,"EPHA1","crizotinib","DB08865","2041"
756645,"EPHA3","crizotinib","DB08865","2042"
756645,"TGFBR1","crizotinib","DB08865","7046"
756645,"FLT3","crizotinib","DB08865","2322"
756645,"AXL","crizotinib","DB08865","558"
756645,"ACVR1B","crizotinib","DB08865","91"
763371,"TAOK2","ruxolitinib","DB08877","9344"
763371,"RPS6KA6","ruxolitinib","DB08877","27330"
763371,"DAPK2","ruxolitinib","DB08877","23604"
763371,"STK39","ruxolitinib","DB08877","27347"
763371,"TBK1","ruxolitinib","DB08877","29110"
763371,"BMPR1B","ruxolitinib","DB08877","658"
763371,"PLK4","ruxolitinib","DB08877","10733"
763371,"STK25","ruxolitinib","DB08877","10494"
763371,"RIOK3","ruxolitinib","DB08877","8780"
763371,"ALK","ruxolitinib","DB08877","238"
763371,"SRPK3","ruxolitinib","DB08877","26576"
763371,"AURKC","ruxolitinib","DB08877","6795"
763371,"CAMK2A","ruxolitinib","DB08877","815"
763371,"MAST1","ruxolitinib","DB08877","22983"
763371,"SIK3","ruxolitinib","DB08877","23387"
763371,"MAP3K2","ruxolitinib","DB08877","10746"
763371,"DYRK1B","ruxolitinib","DB08877","9149"
763371,"VRK2","ruxolitinib","DB08877","7444"
763371,"HIPK1","ruxolitinib","DB08877","204851"
763371,"CAMK1D","ruxolitinib","DB08877","57118"
763371,"ULK2","ruxolitinib","DB08877","9706"
763371,"DCLK2","ruxolitinib","DB08877","166614"
763371,"ANKK1","ruxolitinib","DB08877","255239"
763371,"NEK7","ruxolitinib","DB08877","140609"
763371,"GRK7","ruxolitinib","DB08877","131890"
763371,"DYRK2","ruxolitinib","DB08877","8445"
763371,"AURKB","ruxolitinib","DB08877","9212"
763371,"CAMK1G","ruxolitinib","DB08877","57172"
763371,"SRPK1","ruxolitinib","DB08877","6732"
763371,"MAP3K3","ruxolitinib","DB08877","4215"
763371,"RIOK1","ruxolitinib","DB08877","83732"
763371,"RIOK2","ruxolitinib","DB08877","55781"
763371,"DCLK3","ruxolitinib","DB08877","85443"
763371,"NUAK2","ruxolitinib","DB08877","81788"
763371,"TAOK3","ruxolitinib","DB08877","51347"
763371,"HIPK2","ruxolitinib","DB08877","28996"
763371,"HIPK3","ruxolitinib","DB08877","10114"
763371,"PLK3","ruxolitinib","DB08877","1263"
763371,"CLK4","ruxolitinib","DB08877","57396"
763371,"MKNK2","ruxolitinib","DB08877","2872"
763371,"PAK6","ruxolitinib","DB08877","56924"
763371,"BMP2K","ruxolitinib","DB08877","55589"
763371,"PLK2","ruxolitinib","DB08877","10769"
763371,"PI4KB","ruxolitinib","DB08877","5298"
763371,"STK17A","ruxolitinib","DB08877","9263"
763371,"TYK2","ruxolitinib","DB08877","7297"
763371,"GRK4","ruxolitinib","DB08877","2868"
763371,"TTK","ruxolitinib","DB08877","7272"
763371,"GRK5","ruxolitinib","DB08877","2869"
763371,"MAP2K2","ruxolitinib","DB08877","5605"
763371,"IKBKB","ruxolitinib","DB08877","3551"
763371,"CASK","ruxolitinib","DB08877","8573"
763371,"AURKA","ruxolitinib","DB08877","6790"
763371,"GAK","ruxolitinib","DB08877","2580"
763371,"DCLK1","ruxolitinib","DB08877","9201"
763371,"EPHB6","ruxolitinib","DB08877","2051"
763371,"DAPK3","ruxolitinib","DB08877","1613"
763371,"MAP3K7","ruxolitinib","DB08877","6885"
763371,"JAK2","ruxolitinib","DB08877","3717"
763371,"ROCK2","ruxolitinib","DB08877","9475"
763371,"ULK1","ruxolitinib","DB08877","8408"
763371,"ERN1","ruxolitinib","DB08877","2081"
763371,"RPS6KA5","ruxolitinib","DB08877","9252"
763371,"RPS6KA4","ruxolitinib","DB08877","8986"
763371,"STK16","ruxolitinib","DB08877","8576"
763371,"STK17B","ruxolitinib","DB08877","9262"
763371,"PRKD3","ruxolitinib","DB08877","23683"
763371,"OXSR1","ruxolitinib","DB08877","9943"
763371,"MAP4K4","ruxolitinib","DB08877","9448"
763371,"PAK4","ruxolitinib","DB08877","10298"
763371,"ABL1","ruxolitinib","DB08877","25"
763371,"NTRK1","ruxolitinib","DB08877","4914"
763371,"LCK","ruxolitinib","DB08877","3932"
763371,"FYN","ruxolitinib","DB08877","2534"
763371,"YES1","ruxolitinib","DB08877","7525"
763371,"RET","ruxolitinib","DB08877","5979"
763371,"KIT","ruxolitinib","DB08877","3815"
763371,"FGFR1","ruxolitinib","DB08877","2260"
763371,"BRAF","ruxolitinib","DB08877","673"
763371,"PHKG2","ruxolitinib","DB08877","5261"
763371,"PRKACA","ruxolitinib","DB08877","5566"
763371,"CSNK2A2","ruxolitinib","DB08877","1459"
763371,"JAK1","ruxolitinib","DB08877","3716"
763371,"EPHA3","ruxolitinib","DB08877","2042"
763371,"LTK","ruxolitinib","DB08877","4058"
763371,"RPS6KA1","ruxolitinib","DB08877","6195"
763371,"MYLK","ruxolitinib","DB08877","4638"
763371,"GRK1","ruxolitinib","DB08877","6011"
763371,"NTRK3","ruxolitinib","DB08877","4916"
763371,"NTRK2","ruxolitinib","DB08877","4915"
763371,"MAPK8","ruxolitinib","DB08877","5599"
763371,"MAP2K4","ruxolitinib","DB08877","6416"
763371,"MAP2K3","ruxolitinib","DB08877","5606"
763371,"CSNK1A1","ruxolitinib","DB08877","1452"
763371,"CDK8","ruxolitinib","DB08877","1024"
763371,"CLK2","ruxolitinib","DB08877","1196"
763371,"GSK3A","ruxolitinib","DB08877","2931"
763371,"GSK3B","ruxolitinib","DB08877","2932"
763371,"CDK7","ruxolitinib","DB08877","1022"
763371,"IRAK1","ruxolitinib","DB08877","3654"
763371,"NEK3","ruxolitinib","DB08877","4752"
763371,"JAK3","ruxolitinib","DB08877","3718"
763371,"PLK1","ruxolitinib","DB08877","5347"
763371,"DAPK1","ruxolitinib","DB08877","1612"
763371,"RIPK4","ruxolitinib","DB08877","54101"
763371,"CSNK2A1","ruxolitinib","DB08877","1457"
763371,"PRKCE","ruxolitinib","DB08877","5581"
763371,"MAP2K1","ruxolitinib","DB08877","5604"
763371,"PTK2","ruxolitinib","DB08877","5747"
763371,"TNK2","ruxolitinib","DB08877","10188"
763371,"DMPK","ruxolitinib","DB08877","1760"
763371,"MAP4K2","ruxolitinib","DB08877","5871"
763371,"PRKAA1","ruxolitinib","DB08877","5562"
763371,"MAP3K1","ruxolitinib","DB08877","4214"
763371,"PRKG2","ruxolitinib","DB08877","5593"
763371,"ROCK1","ruxolitinib","DB08877","6093"
763371,"CAMK2B","ruxolitinib","DB08877","816"
763371,"CAMK2G","ruxolitinib","DB08877","818"
763371,"CAMK2D","ruxolitinib","DB08877","817"
763371,"DYRK1A","ruxolitinib","DB08877","1859"
763371,"BMPR2","ruxolitinib","DB08877","659"
763371,"CAMK1","ruxolitinib","DB08877","8536"
763371,"IKBKE","ruxolitinib","DB08877","9641"
763371,"MELK","ruxolitinib","DB08877","9833"
763371,"RPS6KA2","ruxolitinib","DB08877","6196"
763371,"TAOK1","ruxolitinib","DB08877","57551"
763371,"PHKG1","ruxolitinib","DB08877","5260"
763371,"AAK1","ruxolitinib","DB08877","22848"
763371,"SBK1","ruxolitinib","DB08877","388228"
763371,"MAP3K19","ruxolitinib","DB08877","80122"
763371,"LRRK2","ruxolitinib","DB08877","120892"
763371,"ULK3","ruxolitinib","DB08877","25989"
763371,"MAP3K15","ruxolitinib","DB08877","389840"
763371,"MARK2","ruxolitinib","DB08877","2011"
761431,"YES1","vemurafenib","DB08881","7525"
761431,"ARAF","vemurafenib","DB08881","369"
761431,"BRAF","vemurafenib","DB08881","673"
761431,"KDR","vemurafenib","DB08881","3791"
761431,"RAF1","vemurafenib","DB08881","5894"
753082,"YES1","vemurafenib","DB08881","7525"
753082,"ARAF","vemurafenib","DB08881","369"
753082,"BRAF","vemurafenib","DB08881","673"
753082,"KDR","vemurafenib","DB08881","3791"
753082,"RAF1","vemurafenib","DB08881","5894"
